TITLE,LOCATION,SECTION,RUNNINGCOUNT,TEXT
QVE,1,1,1,que
QVI/1,2,1,2,"qui, quis"
QVIS/1,2,1,2,"qui, quis"
ET/2,3,1,3,et
SVM/1,4,1,4,sum
IN,5,1,5,in
IS,6,1,6,is
HIC/1,7,1,7,hic
NON,8,1,8,non
CVM/2,9,1,9,cum
CVM/3,9,1,9,cum
AD/2,10,1,10,ad
ILLE,11,1,11,ille
VT/4,12,1,12,"ut, uti"
OMNIS,13,1,13,omnis
AB,14,1,14,"a, ab"
SVVS,15,1,15,suus
DICO/2,16,1,16,dico
NEC/2,17,1,17,nec
DE,18,1,18,de
SED,19,1,19,sed
IPSE,20,1,20,ipse
SI/2,21,1,21,si
PER,22,1,22,per
POSSVM/1,23,1,23,possum
FACIO,24,1,24,facio
VIDEO,25,1,25,video
MEVS,26,1,26,meus
HABEO,27,1,27,habeo
EGO,28,1,28,mihi
TVVS,29,1,29,tuus
EX,30,1,30,"e, ex"
SVI/1,31,1,31,se
DEVS,32,1,32,deus
TV,33,1,33,te
EGO,34,1,34,me
RES,35,1,35,res
IAM,36,1,36,iam
DO,37,1,37,do
ATQVE/1,38,1,38,atque
AVT,39,1,39,aut
ALIVS,40,1,40,alius
DIES,41,1,41,dies
NOSTER,42,1,42,noster
REX,43,1,43,rex
TV,44,1,44,tibi
VENIO,45,1,45,venio
MVLTVS,46,1,46,multus
VNVS,47,1,47,unus
MAGNVS,48,1,48,magnus
AVTEM,49,1,49,autem
NE/4,50,1,50,ne
HOMO,51,1,51,homo
TEMPVS/1,52,1,52,tempus
ETIAM,53,1,53,etiam
AC/1,54,1,54,ac
QVIDAM,55,1,55,quidam
TV,56,1,56,tu
PRIMVS,57,1,57,primus
ENIM/2,58,1,58,enim
FERO,59,1,59,fero
TAMEN,60,1,60,tamen
TANTVS,61,1,61,tantus
EGO,62,1,62,ego
VOLO/3,63,1,63,"volo, velle"
SIC,64,1,64,sic
LOCVS,65,1,65,locus
NVLLVS,66,1,66,nullus
PATER,67,1,67,pater
DOMINVS,68,1,68,dominus
NVNC,69,1,69,nunc
MANVS/1,70,1,70,manus
MODVS,71,1,71,modus
VERO/3,72,1,72,vero
ANIMVS,73,1,73,animus
TERRA,74,1,74,terra
VIR,75,1,75,vir
IDEM,76,1,76,idem
DOMVS,77,1,77,domus
QVIA,78,1,78,quia
VEL/1,79,1,79,vel
NEQVE,80,1,80,neque
TOTVS,81,1,81,totus
AVDIO,82,1,82,audio
PARS,83,1,83,pars
NOX,84,1,84,nox
VITA,85,1,85,vita
SVI/1,86,1,86,sibi
BONVS,87,1,87,bonus
AT/2,88,1,88,at
NAM,89,1,89,nam
INTER,90,1,90,inter
CORPVS,91,1,91,corpus
MALVS/3,92,1,92,malus
NOMEN,93,1,93,nomen
AMOR,94,1,94,amor
ISTE,95,1,95,iste
QVOD/1,96,1,96,quod
AGO,97,1,97,ago
DVM/2,98,1,98,dum
MORS,99,1,99,mors
SOLVS,100,1,100,solus
ANNVS,101,1,101,annus
SINE,102,1,102,sine
PVER,103,1,103,puer
NIHIL,104,1,104,nihil
LONGVS,105,1,105,longus
CAELVM/1,106,1,106,caelum
ITA,107,1,107,ita
FILIVS,108,1,108,filius
VBI/1,109,1,109,ubi
QVOQVE,110,1,110,quoque
ANTE/2,111,1,111,ante
CARMEN/1,112,1,112,carmen
QVIDEM,113,1,113,quidem
NOS,114,1,114,nobis
O,115,1,115,O
VRBS,116,1,116,urbs
QVISQVE/2,117,1,117,quisque
POST/2,118,1,118,post
SVB,119,1,119,sub
AIO,120,1,120,aio
ALIQVIS,121,1,121,aliquis
CAPIO/2,122,1,122,capio
EO/1,123,1,123,"eo, v."
AMO,124,1,124,amo
TENEO,125,1,125,teneo
NISI,126,1,126,nisi
MILES,127,1,127,miles
SEMPER,128,1,128,semper
NOS,129,1,129,nos
CAVSA,130,1,130,causa
VERBVM,131,1,131,verbum
TVM,132,1,132,tunc
QVAERO,133,1,133,quaero
ACCIPIO,134,1,134,accipio
PRO/1,135,1,135,pro
TVM,136,1,136,tum
QVANTVS/1,137,1,137,quantus
BELLVM,138,1,138,bellum
PONO,139,1,139,pono
VIS,140,1,140,vis
FIO,141,1,141,fio
FRATER,142,1,142,frater
MATER,143,1,143,mater
IVBEO,144,1,144,iubeo
TALIS,145,1,145,talis
OS/1,146,1,146,os (oris)
PETO,147,1,147,peto
OPVS/1,148,1,148,opus
DVCO,149,1,149,duco
TAM,150,1,150,tam
SANCTVS,151,1,151,sanctus
VERVS,152,1,152,verus
LEGO/2,153,1,153,"lego, -ere"
CREDO,154,1,154,credo
CVRA,155,1,155,cura
MITTO,156,1,156,mitto
MENS,157,1,157,mens
PLVS,158,1,158,plus
SCIO,159,1,159,scio
VINCO,160,1,160,vinco
VIVO,161,1,161,vivo
IGNIS,162,1,162,ignis
MAXIMVS,163,1,163,maximus
PVELLA,164,1,164,puella
FORTIS,165,1,165,fortis
HOSTIS,166,1,166,hostis
CETERVS,167,1,167,ceterus
ARMA,168,1,168,arma
MOS,169,1,169,mos
SAEPE,170,1,170,saepe
VOCO,171,1,171,voco
AMICVS/2,172,1,172,amicus
GENVS/1,173,1,173,genus
NE/4,174,1,174,ne
VOX,175,1,175,vox
ALTER,176,1,176,alter
MAGIS/2,177,1,177,magis
SCRIBO,178,1,178,scribo
DVO,179,1,179,duo
SEQVOR,180,1,180,sequor
ARS,181,1,181,ars
CAPVT,182,1,182,caput
MOVEO,183,1,183,moveo
SVMMVS,184,1,184,summus
DVLCIS,185,1,185,dulcis
NOVVS,186,1,186,novus
QVAM/1,187,1,187,quam
DOCEO,188,1,188,doceo
NATVRA,189,1,189,natura
IVVENIS/2,190,1,190,iuvenis
LOQVOR,191,1,191,loquor
MAIOR,192,1,192,maior
PES,193,1,193,pes
POPVLVS/1,194,1,194,populus
ERGO/2,195,1,195,ergo
VE,196,1,196,ve
AQVA,197,1,197,aqua
INVENIO,198,1,198,invenio
LABOR/1,199,1,199,"labor, n."
REFERO,200,1,200,refero
GRAVIS,201,1,201,gravis
VIRTVS,202,1,202,virtus
IBI,203,1,203,ibi
MARE,204,1,204,mare
ROMANVS/A,205,2,205,Romanus
VIA,206,1,206,via
CONSILIVM,207,1,207,consilium
DEBEO,208,1,208,debeo
NATVS/2,209,1,209,natus
SOL,210,1,210,sol
SVPER/2,211,1,211,super
COEPIO,213,1,213,coepi
INQVIO,214,1,214,inquam
CERTVS,215,1,215,certus
STO,216,1,216,sto
MEDIVS,217,1,217,medius
SACER,218,1,218,sacer
SICVT/1,219,1,219,sicut
PECTVS,220,1,220,pectus
ALTVS,221,1,221,altus
VOS,222,1,222,vos
CVNCTVS,223,1,223,cunctus
OCVLVS,224,1,224,oculus
SATIS/2,225,1,225,satis
VALEO,226,1,226,valeo
SENEX/2,227,1,227,senex
VESTER,228,1,228,vester
GENS,229,1,229,gens
PVTO,230,1,230,puto
STVDIVM,231,1,231,studium
PVBLICVS/2,232,1,232,publicus
SECVNDVS/1,233,1,233,secundus
EQVVS,234,1,234,equus
REDEO/1,235,1,235,redeo
NVMQVAM,236,1,236,numquam
FVGIO,237,1,237,fugio
ORBIS,238,1,238,orbis
QVISQVIS/2,239,1,239,quisquis
GRATIA,240,1,240,gratia
ITAQVE,241,1,241,itaque
QVASI/1,242,1,242,quasi
REGNVM,243,1,243,regnum
RELINQVO,244,1,244,relinquo
MISER,245,1,245,miser
DVX,246,1,246,dux
FORTVNA,247,1,247,fortuna
IGITVR,248,1,248,igitur
SIMVL/1,249,1,249,simul
BENE,250,1,250,bene
LEX,251,1,251,lex
LITTERA,252,1,252,littera
RESPONDEO,253,1,253,respondeo
AVRVM,254,1,254,aurum
CANO,255,1,255,cano
GERO,256,1,256,gero
VNDE/1,257,1,257,unde
FATVM,258,1,258,fatum
HONOR,259,1,259,honos
MVNVS,260,1,260,munus
QVISQVAM,261,1,261,quisquam
SOLEO,262,1,262,soleo
TRES,263,1,263,tres
APVD,264,1,264,apud
CIVITAS,265,1,265,civitas
FIDES/2,266,1,266,"fides, -ei"
LAVS,267,1,267,laus
PATRIA,268,1,268,patria
AETAS,269,1,269,aetas
INGENIVM,270,1,270,ingenium
MONS,271,1,271,mons
FINIS,272,1,272,finis
PARENS/1,273,1,273,parens
ITER,274,1,274,iter
QVICVMQVE/1,275,1,275,quicumque
RATIO,276,1,276,ratio
REDDO,277,1,277,reddo
NOSCO,278,1,278,nosco
SIGNVM,279,1,279,signum
ASSVM/1,280,1,280,adsum
DEINDE,281,1,281,deinde
FERVS/2,282,1,282,ferus
ANIMA,283,1,283,anima
LICET/1,284,1,284,licet
ORIOR,285,1,285,orior
INDE,286,1,286,inde
MELIOR,287,1,287,melior
MEREO,288,1,288,mereo
TIMEO,289,1,289,timeo
CAESAR/N,290,1,290,Caesar
VLLVS,291,1,291,ullus
PLENVS,292,1,292,plenus
VSQVE,293,1,293,usque
VTERQVE,294,1,294,uterque
DIGNVS,295,1,295,dignus
PLACEO,296,1,296,placeo
SIVE/1,297,1,297,seu
CASTRA/2,298,1,298,castra
FLEO,299,1,299,fleo
LEVIS/1,300,1,300,levis
MVNDVS/1,301,2,301,"mundus, n."
PARO/2,302,2,302,paro
PRIOR,303,2,303,prior
PROPTER/2,304,2,304,propter
BIBO/2,305,2,305,bibo
HORA,306,2,306,hora
RAPIO,307,2,307,rapio
SOLVO,308,2,308,solvo
COGNOSCO,309,2,309,cognosco
MAGISTER,310,2,310,magister
AN,311,2,311,an
LVMEN,312,2,312,lumen
SOMNVS,313,2,313,somnus
VXOR,314,2,314,uxor
ORDO,315,2,315,ordo
CADO,316,2,316,cado
COR,317,2,317,cor
MORIOR,318,2,318,morior
TRISTIS,319,2,319,tristis
VENVS/N,320,2,320,Venus
ADEO/1,321,2,321,"adeo, v."
DVRVS,322,2,322,durus
FILIA,323,2,323,filia
PARVVS/2,324,2,324,parvus
PRAECIPIO,325,2,325,praecipio
QVALIS/1,326,2,326,qualis
VOTVM,327,2,327,votum
CONTRA/2,328,2,328,contra
FLVMEN,329,2,329,flumen
HINC,330,2,330,hinc
IVPPITER/N,331,2,331,Iuppiter
SVRGO,332,2,332,surgo
DISCO,333,2,333,disco
DIV,334,2,334,diu
LACRIMA,335,2,335,lacrima
LVX,336,2,336,lux
NEMO,337,2,337,nemo
PATIOR,338,2,338,patior
PERICVLVM,339,2,339,periculum
SILVA,340,2,340,silva
VNDA,341,2,341,unda
VENTVS,342,2,342,ventus
VIRGO,343,2,343,virgo
BEATVS,344,2,344,beatus
CEDO/1,345,2,345,cedo
DIVVS/2,346,2,346,divus
DOLOR,347,2,347,dolor
FELIX,348,2,348,felix
MIROR,349,2,349,miror
VMBRA,350,2,350,umbra
FLOS,351,2,351,flos
MILLE,352,2,352,mille
PIVS,353,2,353,pius
TRADO,354,2,354,trado
GAVDEO,355,2,355,gaudeo
GLORIA,356,2,356,gloria
LIBER/2,357,2,357,"liber, adj."
POTIS,358,2,358,potis
PROPRIVS,359,2,359,proprius
SOCIVS/2,360,2,360,socius
SPES,361,2,361,spes
VVLTVS,362,2,362,vultus
COLO/2,363,2,363,colo
FACILIS,364,2,364,facilis
NOTVS/2,365,2,365,notus
EXERCITVS/1,366,2,366,exercitus
SERVVS/1,367,2,367,servus
CARVS,368,2,368,carus
CLARVS,369,2,369,clarus
NOLO,370,2,370,nolo
SIMILIS,371,2,371,similis
EQVES,372,2,372,eques
IMPERIVM,373,2,373,imperium
IVS/1,374,2,374,ius
VIVVS/2,375,2,375,vivus
ACIES,376,2,376,acies
NVMERVS,377,2,377,numerus
PRINCEPS/1,378,2,378,princeps
PROXIMVS/2,379,2,379,proximus
IACEO,380,2,380,iaceo
OPS,381,2,381,ops
PEREO/1,382,2,382,pereo
SANGVIS,383,2,383,sanguis
SIDVS,384,2,384,sidus
VARIVS,385,2,385,varius
CHRISTVS/N,386,2,386,Christus
FLAMMA,387,2,387,flamma
LINGVA,388,2,388,lingua
RECIPIO,389,2,389,recipio
TERTIVS,390,2,390,tertius
TOLLO,391,2,391,tollo
TVRBA,392,2,392,turba
AETERNVS,393,2,393,aeternus
HVMANVS,394,2,394,humanus
NOBILIS/2,395,2,395,nobilis
VERSVS/1,396,2,396,"versus, n."
CONVENIO,397,2,397,convenio
DILIGO/3,398,2,398,diligo
LAETVS/2,399,2,399,laetus
MINVS,400,2,400,minus
NESCIO,401,2,401,nescio
PREMO,402,2,402,premo
PROELIVM,403,2,403,proelium
SAECVLVM,404,2,404,saeculum
VIX,405,2,405,vix
FAMA,406,2,406,fama
SENTIO,407,2,407,sentio
SERMO,408,2,408,sermo
ADVERSVS/1,409,2,409,adversus
AVREVS/2,410,2,410,aureus
COPIA,411,2,411,copia
MOX,412,2,412,mox
MVLIER,413,2,413,mulier
OCCIDO/2,414,2,414,occido (long i)
VOS,415,2,415,vobis
ARBOR,416,2,416,arbor
AVDEO,417,2,417,audeo
COMES,418,2,418,comes
DECVS,419,2,419,decus
TENER,420,2,420,tener
TRAHO,421,2,421,traho
CAMPVS/1,422,2,422,campus
CASVS,423,2,423,casus
CONDO,424,2,424,condo
ECCE,425,2,425,ecce
LATVS/2,426,2,426,"latus, adj."
MONACHVS,427,2,427,monachus
PAX,428,2,428,pax
POSTQVAM,429,2,429,postquam
SERVO,430,2,430,servo
FORMA,431,2,431,forma
IMPERATOR,432,2,432,imperator
LIBER/1,433,2,433,"liber, n."
PERVENIO,434,2,434,pervenio
PLVRIMVS,435,2,435,plurimus
QVONIAM,436,2,436,quoniam
REPERIO,437,2,437,reperio
ROMA/N,438,2,438,Roma
VSVS,439,2,439,usus
VERTO,440,2,440,verto
ABEO/1,441,2,441,abeo
ADHVC,442,2,442,adhuc
DIVERSVS,443,2,443,diversus
PAVCI,444,2,444,paucus
PERDO,445,2,445,perdo
REGO,446,2,446,rego
AGER,447,2,447,ager
SALVS,448,2,448,salus
APERIO,449,2,449,aperio
CIVIS,450,2,450,civis
CONTINGO/1,451,2,451,contingo
INFERVS,452,2,452,inferus
PERMITTO,453,2,453,permitto
PRAESTO/1,454,2,454,"praesto, v."
VATES,455,2,455,vates
SIVE/1,457,2,457,sive
VTOR,458,2,458,utor
VETVS,459,2,459,vetus
BREVIS,460,2,460,brevis
COGO,461,2,461,cogo
ECCLESIA,462,2,462,ecclesia
PAR/2,463,2,463,par
PROPE/2,464,2,464,prope
QVAMVIS/1,465,2,465,quamvis
ROGO,466,2,466,rogo
SEDEO,467,2,467,sedeo
ELIGO/3,468,2,468,eligo
INCIPIO,469,2,469,incipio
ITERVM,470,2,470,iterum
MARITVS/2,471,2,471,maritus
SINGVLVS,472,2,472,singulus
STATIM,473,2,473,statim
TRANSEO/1,474,2,474,transeo
ACCEDO/1,475,2,475,accedo
AVFERO,476,2,476,aufero
CERNO,477,2,477,cerno
CONSVL,478,2,478,consul
CVPIO,479,2,479,cupio
GRATVS,480,2,480,gratus
HVC,481,2,481,huc
IVVO,482,2,482,iuvo
MANEO,483,2,483,maneo
MORTALIS/2,484,2,484,mortalis
NAMQVE,485,2,485,namque
PAVPER,486,2,486,pauper
POENA,487,2,487,poena
PVLCHER,488,2,488,pulcher
TANDEM,489,2,489,tandem
COMA,490,2,490,coma
CVR/1,491,2,491,cur
DEXTER,492,2,492,dexter
METVS,493,2,493,metus
NIGER,494,2,494,niger
OSTENDO,495,2,495,ostendo
QVANDO/1,496,2,496,quando
RELIQVVS,497,2,497,reliquus
SAEVVS,498,2,498,saevus
SEDES,499,2,499,sedes
CANTO,500,2,500,canto
DESERO/2,501,2,501,desero
IRA,502,2,502,ira
MEMBRVM,503,2,503,membrum
NIMIVS,504,2,504,nimius
NVMEN,505,2,505,numen
ABBAS,506,2,506,abbas
AMNIS,507,2,507,amnis
CONIVX,508,2,508,coniunx
CONTINEO,509,2,509,contineo
INGENS,510,2,510,ingens
ITEM,511,2,511,item
IVSTVS,512,2,512,iustus
LAVDO,513,2,513,laudo
LITVS/2,514,2,514,litus
NEGO,515,2,515,nego
PROCVL,516,2,516,procul
VMQVAM,517,2,517,umquam
VELVT/1,518,2,518,velut
AVIS,519,2,519,avis
EXTREMVS,520,2,520,extremus
OPTIMVS,521,2,521,optimus
PROPERO,522,2,522,propero
SVBEO/1,523,2,523,subeo
CONCEDO/1,524,2,524,concedo
CONSTO,525,2,525,consto
CVRSVS,526,2,526,cursus
FONS,527,2,527,fons
TEMPLVM,528,2,528,templum
TOT,529,2,529,tot
VINVM,530,2,530,vinum
CONFERO,531,2,531,confero
NAVIS,532,2,532,navis
NIHIL,533,2,533,nil
TAMQVAM/1,534,2,534,tamquam
TELLVS,535,2,535,tellus
VESTIS,536,2,536,vestis
AVRIS,537,2,537,auris
CORNV,538,2,538,cornu
DEFICIO,539,2,539,deficio
DIVES,540,2,540,dives
FACIES,541,2,541,facies
GAVDIVM,542,2,542,gaudium
MVTO/2,543,2,543,muto
OS/2,544,2,544,os (ossis)
PROBO,545,2,545,probo
QVOMODO/1,546,2,546,quomodo
DIVINVS/2,547,2,547,divinus
PATEO,548,2,548,pateo
PHOEBVS/N,549,2,549,Phoebus
PVRVS,550,2,550,purus
SPIRITVS,551,2,551,spiritus
TECTVM,552,2,552,tectum
VVLNVS,553,2,553,vulnus
AEVVM,554,2,554,aevum
CANDIDVS,555,2,555,candidus
FINGO,556,2,556,fingo
IVNGO,557,2,557,iungo
OFFICIVM,558,2,558,officium
PARCO,559,2,559,parco
PRIVS,560,2,560,prius
QVIN/1,561,2,561,quin
SPECIES,562,2,562,species
SVMO,563,2,563,sumo
ABSVM/1,564,2,564,absum
CITVS,565,2,565,citus
DIMITTO,566,2,566,dimitto
FRANGO,567,2,567,frango
MISCEO,568,2,568,misceo
MVSA/N,569,2,569,Musa
PORTA,570,2,570,porta
VALDE,571,2,571,valde
AVRA,572,2,572,aura
CANTVS,573,2,573,cantus
EXEO/1,574,2,574,exeo
FOEDVS/2,575,2,575,"foedus, adj."
HAVD,576,2,576,haud
INGREDIOR,577,2,577,ingredior
MOLLIS,578,2,578,mollis
MVNDVS/2,579,2,579,"mundus, adj."
MVRVS,580,2,580,murus
OPTO,581,2,581,opto
QVEROR,582,2,582,queror
QVONDAM,583,2,583,quondam
SVI/1,584,2,584,secum
SINVS,585,2,585,sinus
SOROR,586,2,586,soror
VLTIMVS,587,2,587,ultimus
ALLELVIA,588,2,588,Alleluia
AVCTOR,589,2,589,auctor
DOLEO,590,2,590,doleo
EDO/2,591,2,591,edo (eat)
FVNVS,592,2,592,funus
PARVVS/2,593,2,593,"minor, adj."
MORTVVS/2,594,2,594,mortuus
RESPICIO,595,2,595,respicio
SEPVLCRVM,596,2,596,sepulcrum
TVTVS,597,2,597,tutus
AMPLVS,598,2,598,amplus
CIRCA/2,599,2,599,circa
CVSTOS,600,2,600,custos
DONO,601,2,601,dono
ERRO/2,602,2,602,erro
FIDELIS/2,603,2,603,fidelis
FORIS/1,604,2,604,foris
FVTVRVS,605,2,605,futurus
INTELLIGO,606,2,606,intellego
IVGVM,607,2,607,iugum
EGO,608,2,608,mecum
NARRO,609,2,609,narro
RVRSVS,610,2,610,rursus
TERGVM,611,2,611,tergum
VOLVCER,612,2,612,volucer
CIBVS,613,2,613,cibus
CLAVDO/1,614,2,614,claudo
CRIMEN,615,2,615,crimen
IDEO,616,2,616,ideo
PARIO/2,617,2,617,pario
PONDVS,618,2,618,pondus
PROSVM/1,619,2,619,prosum
SAXVM,620,2,620,saxum
SCILICET,621,2,621,scilicet
SERVIO,622,2,622,servio
SONO/1,623,2,623,sono
TIMOR,624,2,624,timor
ACER/2,625,2,625,acer
AES,626,2,626,aes
ANTIQVVS,627,2,627,antiquus
COGITO,628,2,628,cogito
CVRO,629,2,629,curo
FALLO,630,2,630,fallo
INDICO/1,631,2,631,"indico, -are"
INTRO/1,632,2,632,intro
LVNA,633,2,633,luna
PORTO,634,2,634,porto
RECTVS,635,2,635,rectus
STELLA,636,2,636,stella
AGMEN,637,2,637,agmen
COMEDO/2,638,2,638,comedo
COMMVNIS,639,2,639,communis
EFFICIO,640,2,640,efficio
HYMENAEVS,641,2,641,hymenaeos
METVO,642,2,642,metuo
MONASTERIVM,643,2,643,monasterium
NEMVS,644,2,644,nemus
PONTVS,645,2,645,pontus
REVERTO,646,2,646,reverto
RIDEO,647,2,647,rideo
VEHO,648,2,648,veho
CRESCO,649,2,649,cresco
DEFERO,650,2,650,defero
DENIQVE,651,2,651,denique
DIVITIAE,652,2,652,divitiae
DONVM,653,2,653,donum
EXEMPLVM,654,2,654,exemplum
FVGA,655,2,655,fuga
MINISTER/2,656,2,656,minister
MIRVS,657,2,657,mirus
MONEO,658,2,658,moneo
NASCOR,659,2,659,nascor
PERGO,660,2,660,pergo
PRAEBEO,661,2,661,praebeo
PVGNO,662,2,662,pugno
VER,663,2,663,ver
ASPICIO,664,2,664,aspicio
DILIGENS,665,2,665,diligens
DOMINA,666,2,666,domina
DONEC,667,2,667,donec
MVLTITVDO,668,2,668,multitudo
POETA,669,2,669,poeta
PREX,670,2,670,prex
SAPIENS/2,671,2,671,sapiens
VINCVLVM,672,2,672,vinculum
ACCIDO/1,673,2,673,accido
AEQVOR,674,2,674,aequor
AEQVVS,675,2,675,aequus
ALIENVS/2,676,2,676,alienus
ASTRVM,677,2,677,astrum
CANIS,678,2,678,canis
CELER,679,2,679,celer
CINIS,680,2,680,cinis
COLLIGO/3,681,2,681,colligo
COMMITTO,682,2,682,committo
DEA,683,2,683,dea
SVM/1,684,2,684,"forem, -es"
GIGNO,685,2,685,gigno
PRAETER/2,686,2,686,praeter
PRECOR,687,2,687,precor
RECEDO/1,688,2,688,recedo
RETINEO,689,2,689,retineo
RIPA,690,2,690,ripa
SVI/1,691,2,691,sese
ADDO,692,2,692,addo
DIVIDO,693,2,693,divido
HYMEN/N,694,2,694,Hymen
MEMORIA,695,2,695,memoria
PECCO,696,2,696,pecco
SENSVS,697,2,697,sensus
TELVM,698,2,698,telum
VICIS,699,2,699,vicis
VICTOR,700,2,700,victor
AVXILIVM,701,2,701,auxilium
CAEDES,702,2,702,caedes
CELEBRO,703,2,703,celebro
COMPONO,704,2,704,compono
CORAM/1,705,2,705,coram
EXCIPIO,706,2,706,excipio
FEMINA,707,2,707,femina
GLADIVS,708,2,708,gladius
HEV,710,2,710,heu
HOSPES,711,2,711,hospes
IMPLEO,712,2,712,impleo
INVIDEO,713,2,713,invideo
MANE/1,714,2,714,mane
MORA,715,2,715,mora
ORATIO,716,2,716,oratio
PARITER,717,2,717,pariter
PENDO,718,2,718,pendo
PLACIDVS,719,2,719,placidus
QVAMQVAM/2,720,2,720,quamquam
QVARE/1,721,2,721,quare
REGNO,722,2,722,regno
VAGVS,723,2,723,vagus
AFFERO,724,2,724,affero
APPAREO,725,2,725,appareo
CHORVS,726,2,726,chorus
COLOR,727,2,727,color
FERRVM,728,2,728,ferrum
HVMVS,729,2,729,humus
INFERO,730,2,730,infero
MALO,731,2,731,malo
NOCEO,732,2,732,noceo
PECVNIA,733,2,733,pecunia
PIETAS,734,2,734,pietas
PROMITTO,735,2,735,promitto
PVGNA,736,2,736,pugna
RVMPO,737,2,737,rumpo
RVS,738,2,738,rus
SAPIENTIA,739,2,739,sapientia
SCIENTIA,740,2,740,scientia
SVPRA/2,741,2,741,supra
SVSCIPIO,742,2,742,suscipio
TARDVS,743,2,743,tardus
VITIVM,744,2,744,vitium
CONTEMNO,745,2,745,contemno
CONVERTO,746,2,746,converto
EGREDIOR,747,2,747,egredior
HERBA,748,2,748,herba
ILLIC/2,749,2,749,illic
INTERFICIO,750,2,750,interficio
IRASCOR,751,2,751,irascor
LEO,752,2,752,leo
MENSA,753,2,753,mensa
PAVLO,754,2,754,paulus
RARVS,755,2,755,rarus
SPATIVM,756,2,756,spatium
SPERO,757,2,757,spero
TV,758,2,758,tecum
TORVS,759,2,759,torus
VTILIS,760,2,760,utilis
VACO,761,2,761,vaco
VICINVS/2,762,2,762,vicinus
VOLVPTAS,763,2,763,voluptas
ARDEO,764,2,764,ardeo
CAELESTIS,765,2,765,caelestis
EPISCOPVS,766,2,766,episcopus
EXSPECTO,767,2,767,exspecto
FVNDO/2,768,2,768,"fundo, -ere"
IMAGO,769,2,769,imago
PRODO,770,2,770,prodo
SVPERO,771,2,771,supero
SVSTINEO,772,2,772,sustineo
TEMPTO,773,2,773,tempto
VIGILO,774,2,774,vigilo
ARX,775,2,775,arx
CAREO,776,2,776,careo
DESVM/1,777,2,777,desum
DISCEDO/1,778,2,778,discedo
ERIPIO,779,2,779,eripio
FALSVS,780,2,780,falsus
FESSVS,781,2,781,fessus
FLVO,782,2,782,fluo
IMPONO,783,2,783,impono
INSTITVO,784,2,784,instituo
MANDO/2,785,2,785,"mando, -are"
NVNTIVS/1,786,2,786,nuntius
OB,787,2,787,ob
POMPEIVS/N,788,2,788,Pompeius
REGIVS,789,2,789,regius
SCELVS,790,2,790,scelus
TACEO,791,2,791,taceo
TENEBRAE,792,2,792,tenebrae
VOLO/2,793,2,793,"volo, -are"
APPELLO/1,794,2,794,"appello, -are"
ASCENDO,795,2,795,ascendo
CONFICIO,796,2,796,conficio
CONSVLO,797,2,797,consulo
CVPIDO,798,2,798,cupido
FESTVS,799,2,799,festus
HISTORIA,800,2,800,historia
IVDEX,801,2,801,iudex
IVRO,802,2,802,iuro
MEMORO,803,2,803,memoro
OTIVM,804,2,804,otium
PARVM/2,805,2,805,parum
POTENS,806,2,806,potens
QVIESCO,807,2,807,quiesco
SEMEL,808,2,808,semel
STVDEO,809,2,809,studeo
SVPERBVS/2,810,2,810,superbus
SVPERSVM/1,811,2,811,supersum
VNDIQVE,812,2,812,undique
ALBVS,813,2,813,albus
AMITTO,814,2,814,amitto
ANGELVS,815,2,815,angelus
COMPARO/2,816,2,816,comparo
DAMNVM,817,2,817,damnum
DECET,818,2,818,decet
DEFENDO,819,2,819,defendo
DESCENDO,820,2,820,descendo
EVADO/2,821,2,821,evado
SVM/1,822,2,822,fore
INTEGER,823,2,823,integer
INTERROGO,824,2,824,interrogo
INTRA/2,825,2,825,intra
LAPIS,826,2,826,lapis
LIMEN,827,2,827,limen
MAESTVS,828,2,828,maestus
MEMINI,829,2,829,memini
PLERVSQVE,830,2,830,plerusque
REGIO,831,2,831,regio
SPARGO/2,832,2,832,spargo
STERNO,833,2,833,sterno
VLTRA/2,834,2,834,ultra
ARMO,835,2,835,armo
CESSO,837,2,837,cesso
CONFITEOR,838,2,838,confiteor
DEDVCO,839,2,839,deduco
DIGNITAS,840,2,840,dignitas
FRVCTVS,841,2,841,fructus
IGNOTVS,842,2,842,ignotus
IMBER,843,2,843,imber
LIBENS,844,2,844,libens
LVDO,845,2,845,ludo
ORNO,846,2,846,orno
ORO,847,2,847,oro
PHILOSOPHVS/2,848,2,848,philosophus
PRAESENS,849,2,849,praesens
PROCEDO/1,850,2,850,procedo
REVOCO,851,2,851,revoco
SORS,852,2,852,sors
THESAVRVS,853,2,853,thesaurus
TRIVMPHVS,854,2,854,triumphus
VACVVS,855,2,855,vacuus
ALIQVANDO,856,2,856,aliquando
CAVEO,857,2,857,caveo
CVLPA,858,2,858,culpa
CVRRO,859,2,859,curro
CVSTODIA,860,2,860,custodia
DECIPIO,861,2,861,decipio
DVBIVS,862,2,862,dubius
FAMES,863,2,863,fames
IMMENSVS,865,2,865,immensus
INIMICVS/2,866,2,866,inimicus
IVCVNDVS,867,2,867,iucundus
LEGIO,868,2,868,legio
MAGNITVDO,869,2,869,magnitudo
NEGLIGO,870,2,870,negligo
NIMIS,871,2,871,nimis
PAENE,872,2,872,paene
PELAGVS,873,2,873,pelagus
PRETIVM,874,2,874,pretium
RVSTICVS/2,875,2,875,rusticus
TVRPIS,876,2,876,turpis
AMICITIA,877,2,877,amicitia
ANIMAL,878,2,878,animal
APTVS,879,2,879,aptus
ARVVM,880,2,880,arvum
AVGEO,881,2,881,augeo
BENEDICO,882,2,882,benedico
CASTVS/2,883,2,883,castus
CENTVM,884,2,884,centum
CERTO/1,885,2,885,"certo, v."
CLAMOR,886,2,886,clamor
DIGITVS,887,2,887,digitus
EXISTIMO,888,2,888,existimo
FAX,889,2,889,fax
FREQVENS,890,2,890,frequens
IGNORO,891,2,891,ignoro
INTENDO,892,2,892,intendo
ITALIA/N,893,2,893,Italia
IVDICIVM,894,2,894,iudicium
MARS/N,895,2,895,Mars
OPORTET,896,2,896,oportet
POSTEA,897,2,897,postea
PRAETEREO/1,898,2,898,praetereo
ROSA,899,2,899,rosa
SECVRVS,900,2,900,securus
TANGO,901,2,901,tango
TENDO,902,2,902,tendo
VICTORIA,903,2,903,victoria
AETHER,904,2,904,aether
COMPLECTOR,906,2,906,complector
CONSEQVOR,907,2,907,consequor
DORMIO,908,2,908,dormio
FABVLA/1,909,2,909,fabula
FERE,910,2,910,fere
FORSITAN,911,2,911,forsitan
FRONS/1,912,2,912,"frons, -ntis"
HIEMS,913,2,913,hiems
INANIS,914,2,914,inanis
LACVS,915,2,915,lacus
NECESSITAS,916,2,916,necessitas
NOCTVRNVS,917,2,917,nocturnus
NOMINO,918,2,918,nomino
NVDVS,919,2,919,nudus
OLIM,920,2,920,olim
PANDO/2,921,2,921,pando
POTESTAS,922,2,922,potestas
PRAECIPVVS,923,2,923,praecipuus
PRAEDICO/2,924,2,924,"praedico, -ere"
PVDOR,925,2,925,pudor
REQVIRO,926,2,926,requiro
SENTENTIA,927,2,927,sententia
SEPELIO,928,2,928,sepelio
SVBITO,929,2,929,subito
TROIA/N,930,2,930,Troia
TVRRIS,931,2,931,turris
AGITO,932,2,932,agito
CONSTITVO,933,2,933,constituo
DENSVS,934,2,934,densus
FRVSTRA,935,2,935,frustra
HORTVS,936,2,936,hortus
INDVO,937,2,937,induo
INSIGNIS,938,2,938,insignis
MATERIA,939,2,939,materia
NIX,940,2,940,nix
PERPETVVS,941,2,941,perpetuus
PRESBYTER,942,2,942,presbyter
PRINCIPIVM,943,2,943,principium
PROPONO,944,2,944,propono
PROTINVS,945,2,945,protinus
QVATVOR,946,2,946,quattuor
QVO/2,947,2,947,quo
ROGVS,948,2,948,rogus
SACERDOS,949,2,949,sacerdos
VERGILIVS/N,950,2,950,Vergilius
AEGER/2,951,2,951,aeger
ALES/2,952,2,952,ales
AVDAX,953,2,953,audax
BLANDVS,955,2,955,blandus
CINGO,956,2,956,cingo
CONVIVIVM,957,2,957,convivium
DIRIGO,958,2,958,dirigo
EXERCEO/2,959,2,959,exerceo
FAMVLVS/1,960,2,960,famulus
FIGO,961,2,961,figo
IMITOR,962,2,962,imitor
IMPROBVS,963,2,963,improbus
INSTRVO,964,2,964,instruo
LATINVS/A,965,2,965,Latinus
LIBERO,966,2,966,libero
MEMOR,967,2,967,memor
MITIS,968,2,968,mitis
MOENIA,969,2,969,moenia
NECESSARIVS/2,970,2,970,necessarius
NEGOTIVM,971,2,971,negotium
VNIVERSVS,972,2,972,universus
ARGENTVM,975,2,975,argentum
CAECVS,976,2,976,caecus
COHORS,977,2,977,cohors
CONOR,978,2,978,conor
CREO,979,2,979,creo
EXPERIOR,980,2,980,experior
IACIO,982,2,982,iacio
IMPERO,983,2,983,impero
IVXTA/1,984,2,984,iuxta
LABORO,985,2,985,laboro
LINQVO,986,2,986,linquo
MINIMVM/1,987,2,987,minimum
OBVIVS,988,2,988,obvius
OVIS,989,2,989,ovis
PANIS,990,2,990,panis
PERCVTIO,991,2,991,percutio
PERFICIO,992,2,992,perficio
PISCIS,993,2,993,piscis
POSTVLO,994,2,994,postulo
PRAEMIVM,995,2,995,praemium
SILENTIVM,996,2,996,silentium
SOLLICITVS,997,2,997,sollicitus
SVBLIMIS,998,2,998,sublimis
CONSPICIO,999,2,999,conspicio
CVRIA,1000,2,1000,curia
CVRRVS,1001,2,1001,currus
EVENIO,1002,2,1002,evenio
FAVEO,1003,2,1003,faveo
FVR,1004,2,1004,fur
FVROR/1,1005,2,1005,"furor, n."
HABITO,1006,2,1006,habito
HONESTVS,1007,2,1007,honestus
IMPETVS,1008,2,1008,impetus
INIVRIA,1009,2,1009,iniuria
LABOR/2,1010,2,1010,"labor, v."
LATEO,1011,2,1011,lateo
LIGNVM,1012,2,1012,lignum
MENSIS,1013,2,1013,mensis
MOROR/1,1014,2,1014,moror
OFFERO,1015,2,1015,offero
PELLO,1016,2,1016,pello
PRAE/1,1017,2,1017,prae
PVLSO,1018,2,1018,pulso
QVILIBET,1019,2,1019,quilibet
QVOT/1,1020,2,1020,quot
REGINA,1021,2,1021,regina
RELIGIO,1022,2,1022,religio
REMOVEO,1023,2,1023,removeo
TACITVS,1024,2,1024,tacitus
VRGEO,1025,2,1025,urgeo
VRO,1026,2,1026,uro
VANVS,1027,2,1027,vanus
ASSIDVVS,1028,2,1028,assiduus
BARBARVS/2,1029,2,1029,barbarus
BOS,1030,2,1030,bos
CLAMO,1031,2,1031,clamo
CRAS/2,1032,2,1032,cras
CREBER,1033,2,1033,creber
CRINIS,1034,2,1034,crinis
DESINO,1035,2,1035,desino
ERROR,1036,2,1036,error
FLECTO,1037,2,1037,flecto
FLOREO,1038,2,1038,floreo
FLVCTVS,1039,2,1039,fluctus
FRIGVS,1040,2,1040,frigus
HODIE,1041,2,1041,hodie
INTERIM,1042,2,1042,interim
LVPVS,1043,2,1043,lupus
MERVS,1044,2,1044,merus
MOLES,1045,2,1045,moles
NECESSE,1046,2,1046,necesse
NERO/N,1047,2,1047,Nero
OBEO/1,1048,2,1048,obeo
OBTINEO,1049,2,1049,obtineo
ODOR,1050,2,1050,odor
PECVS/1,1051,2,1051,"pecus, -oris"
POCVLVM,1052,2,1052,poculum
PROFERO,1053,2,1053,profero
QVINQVE,1054,2,1054,quinque
REPETO,1055,2,1055,repeto
RVDIS/2,1056,2,1056,"rudis, adj."
SANVS,1057,2,1057,sanus
SENATVS,1058,2,1058,senatus
SOLLEMNIS,1059,2,1059,sollemnis
SONVS,1060,2,1060,sonus
SPECTO,1061,2,1061,specto
SVAVIS,1062,2,1062,suavis
VENEROR,1063,2,1063,veneror
VERBERO/2,1064,2,1064,verbero
VILLA,1065,2,1065,villa
VOLVNTAS,1066,2,1066,voluntas
VVLGVS,1067,2,1067,vulgus
AFFICIO,1068,2,1068,afficio
AGNOSCO,1069,2,1069,agnosco
ARBITROR,1070,2,1070,arbitror
ASPER,1071,2,1071,asper
COLLVM,1073,2,1073,collum
DESIDERO,1074,2,1074,desidero
EGREGIVS,1075,2,1075,egregius
FVLMEN,1076,2,1076,fulmen
INFELIX,1077,2,1077,infelix
INTEREA,1078,2,1078,interea
LATVS/1,1079,2,1079,"latus, n."
LIBELLVS,1080,2,1080,libellus
MORBVS,1081,2,1081,morbus
NVBES,1082,2,1082,nubes
PINGO,1083,2,1083,pingo
QVIPPE/1,1084,2,1084,quippe
QVOTIENS/2,1085,2,1085,quotiens
RAMVS,1086,2,1086,ramus
REMANEO,1087,2,1087,remaneo
SOMNIVM,1088,2,1088,somnium
SPERNO,1089,2,1089,sperno
TEMPERO,1090,2,1090,tempero
TRIBVO,1091,2,1091,tribuo
VERSO,1092,2,1092,verso
VESTIGIVM,1093,2,1093,vestigium
ADVENIO,1094,2,1094,advenio
ALO,1095,2,1095,alo
ARCVS,1096,2,1096,arcus
CARITAS,1097,2,1097,caritas
CELSVS,1098,2,1098,celsus
CIRCVM/2,1099,2,1099,circum
COLLIS,1100,2,1100,collis
DEPONO,1101,2,1101,depono
DIFFERO,1102,2,1102,differo
DIS,1103,2,1103,dis
EXSISTO,1104,2,1104,exsisto
EXSTINGVO,1105,2,1105,exstinguo
FORVM/1,1106,2,1106,forum
FRAVS,1107,2,1107,fraus
FRETVM,1108,2,1108,fretum
GEMINVS,1109,2,1109,geminus
HORREO,1110,2,1110,horreo
IMPIVS,1111,2,1111,impius
IO,1112,2,1112,io
LAVRVS,1113,2,1113,laurus
NVBO,1114,2,1114,nubo
OSCVLVM,1115,2,1115,osculum
PASTOR,1116,2,1116,pastor
PERFERO,1117,2,1117,perfero
POSTERVS,1118,2,1118,posterus
PRAEDA,1119,2,1119,praeda
PRATVM,1120,2,1120,pratum
PROFICIO,1121,2,1121,proficio
PROHIBEO,1122,2,1122,prohibeo
PVDEO,1123,2,1123,pudet
RAPIDVS,1124,2,1124,rapidus
SECRETVS,1125,2,1125,secretus
SERENVS,1126,2,1126,serenus
SINISTER,1127,2,1127,sinister
SVPREMVS,1128,2,1128,supremus
TAVRVS,1129,2,1129,taurus
TEGO,1130,2,1130,tego
TERO,1131,2,1131,tero
TERREO,1132,2,1132,terreo
VALIDVS,1133,2,1133,validus
VENTER,1134,2,1134,venter
VEREOR,1135,2,1135,vereor
VIRIDIS,1136,2,1136,viridis
CAPILLVS,1137,2,1137,capillus
CAPTIVVS/2,1138,2,1138,captivus
COMITOR,1139,2,1139,comitor
CRVDELIS,1140,2,1140,crudelis
DECEM,1141,2,1141,decem
DISCIPLINA,1142,2,1142,disciplina
EPISTOLA,1143,2,1143,epistula
FIGVRA,1144,2,1144,figura
FINIO,1145,2,1145,finio
FRIGIDVS,1146,2,1146,frigidus
GENER,1147,2,1147,gener
GRANDIS,1148,2,1148,grandis
IACTO,1149,2,1149,iacto
IMPELLO,1150,2,1150,impello
IMPENDEO,1151,2,1151,impendeo
INCERTVS,1152,2,1152,incertus
INVIDIA,1153,2,1153,invidia
LAEDO,1154,2,1154,laedo
LARGVS,1155,2,1155,largus
LIBERTAS,1156,2,1156,libertas
NEPOS/1,1157,2,1157,nepos
NITEO,1158,2,1158,niteo
NVNTIO,1159,2,1159,nuntio
PAREO,1160,2,1160,pareo
PASCO,1161,2,1161,pasco
PERAGO,1162,2,1162,perago
POMVM,1163,2,1163,pomum
PRAEFICIO,1164,2,1164,praeficio
PRAETEREA,1165,2,1165,praeterea
QVATIO,1166,2,1166,quatio
RATIS,1167,2,1167,ratis
REDVCO,1168,2,1168,reduco
REOR,1169,2,1169,reor
RVO,1170,2,1170,ruo
SOLACIVM,1171,2,1171,solacium
SVPERIOR,1172,2,1172,superior
SVSPENDO,1173,2,1173,suspendo
TER,1174,2,1174,ter
VNICVS,1175,2,1175,unicus
VELVM,1176,2,1176,velum
VERTEX,1177,2,1177,vertex
VILIS,1178,2,1178,vilis
ARA,1179,2,1179,ara
BIS,1180,2,1180,bis
CAEDO,1181,2,1181,caedo
CLASSIS,1182,2,1182,classis
CONSVETVDO,1183,2,1183,consuetudo
CONSVMO,1184,2,1184,consumo
DETRAHO,1185,2,1185,detraho
EN,1186,2,1186,en
FAS,1187,2,1187,fas
FESTINO,1188,2,1188,festino
FRVX,1189,2,1189,frux
ILLVC,1190,2,1190,illuc
INSIDIAE,1191,2,1191,insidiae
LEVO/1,1192,2,1192,levo
LIBERALIS,1193,2,1193,liberalis
LYRA,1194,2,1194,Lyra
NIVEVS,1195,2,1195,niveus
NVMERO/1,1196,2,1196,numero
PALATIVM,1197,2,1197,palatium
PERTINEO,1198,2,1198,pertineo
PHRYGIVS/A,1199,2,1199,Phrygius
PORRIGO/2,1200,2,1200,porrigo
POSCO,1201,2,1201,posco
PRAEPARO/2,1202,2,1202,praeparo
PROICIO,1203,2,1203,proicio
PROLES,1204,2,1204,proles
SPIRO,1205,2,1205,spiro
STVDIOSVS,1206,2,1206,studiosus
TERROR,1207,2,1207,terror
THALAMVS,1208,2,1208,thalamus
VTER/4,1209,2,1209,"uter, pro."
VERBER,1210,2,1210,verber
VINCIO,1211,2,1211,vincio
ADICIO,1212,2,1212,adicio
ANTRVM,1213,2,1213,antrum
ASTO,1214,2,1214,asto
AVLA/1,1215,2,1215,aula
CAVVS/2,1216,2,1216,cavus
CENSEO,1217,2,1217,censeo
CIRCVMDO,1218,2,1218,circumdo
CLERICVS,1219,2,1219,clericus
COGITATIO,1220,2,1220,cogitatio
CORONA,1221,2,1221,corona
CORRVMPO,1222,2,1222,corrumpo
CVLTVS/1,1223,2,1223,"cultus, n."
CVPIDVS,1224,2,1224,cupidus
DAMNO,1225,2,1225,damno
DIABOLVS,1226,2,1226,diabolus
DVBITO,1227,2,1227,dubito
FATEOR,1228,2,1228,fateor
FOVEO,1229,2,1229,foveo
FRVOR,1230,2,1230,fruor
ICTVS,1231,2,1231,ictus
INFRA/2,1232,2,1232,infra
NONDVM,1233,2,1233,nondum
NOTO,1234,2,1234,noto
OLEVM,1235,2,1235,oleum
OPPRIMO,1236,2,1236,opprimo
PEDES,1237,2,1237,pedes
PENETRO,1238,2,1238,penetro
PERCIPIO,1239,2,1239,percipio
PERSONA,1240,2,1240,persona
PVRPVREVS,1241,2,1241,purpureus
REMITTO,1242,2,1242,remitto
SENECTVS/1,1243,2,1243,"senectus, n."
SEPTEM,1244,2,1244,septem
SINO,1245,2,1245,sino
STATVO,1246,2,1246,statuo
TENVIS,1247,2,1247,tenuis
TORQVEO,1248,2,1248,torqueo
TVEOR,1249,2,1249,tueor
TVMVLVS,1250,2,1250,tumulus
VEHEMENS,1251,2,1251,vehemens
VIGINTI,1252,2,1252,viginti
VOLVO,1253,2,1253,volvo
ACCENDO,1254,2,1254,accendo
ADMIROR,1255,2,1255,admiror
ADOLESCENS/2,1256,2,1256,adulescens
AGRICOLA,1257,2,1257,agricola
ANVLVS,1258,2,1258,anulus
AVIDVS,1259,2,1259,avidus
CLEMENTIA,1260,2,1260,clementia
DESIDERIVM,1261,2,1261,desiderium
EFFVNDO/2,1262,2,1262,effundo
FEROX,1263,2,1263,ferox
FVLGEO,1264,2,1264,fulgeo
GREX,1265,2,1265,grex
HANNIBAL/N,1266,2,1266,Hannibal
INCIDO/1,1267,2,1267,incido (fall)
INTERDVM,1268,2,1268,interdum
LAVO/1,1269,2,1269,lavo
MEL,1270,2,1270,mel
MILITIA,1271,2,1271,militia
MODO/1,1272,2,1272,modo
MONVMENTVM,1273,2,1273,monumentum
NYMPHA,1274,2,1274,nympha
OBICIO,1275,2,1275,obicio
OBLIVISCOR,1276,2,1276,obliviscor
ODIVM,1277,2,1277,odium
PECVS/2,1278,2,1278,"pecus, -udis"
POLVS,1279,2,1279,polus
PRAESIDIVM,1280,2,1280,praesidium
RESIDO,1281,2,1281,resido
SAGITTA,1282,2,1282,sagitta
SALVVS,1283,2,1283,salvus
SERPENS,1284,2,1284,serpens
SIGNIFICO,1285,2,1285,significo
SIMVLO,1286,2,1286,simulo
SVFFICIO,1287,2,1287,sufficio
TRACTO,1288,2,1288,tracto
TRAICIO,1289,2,1289,traicio
TVMVLTVS,1290,2,1290,tumultus
TVRBO/2,1291,2,1291,"turbo, v."
VADO/2,1292,2,1292,vado
VADVM,1293,2,1293,vadum
VENDO,1294,2,1294,vendo
VIREO/2,1295,2,1295,vireo
AEDIFICO,1296,2,1296,aedifico
ALITER,1297,2,1297,aliter
ASSVETVS,1298,2,1298,assuetus
BRACHIVM,1299,2,1299,bracchium
CARO/1,1300,2,1300,caro
CARPO,1301,2,1301,carpo
CERTAMEN,1302,2,1302,certamen
CIVILIS,1303,2,1303,civilis
CONDICIO,1304,2,1304,condicio
CONSVESCO,1305,2,1305,consuesco
CVSTODIO,1306,2,1306,custodio
DECEDO/1,1307,2,1307,decedo
DELICIA/1,1308,2,1308,deliciae
DENS,1309,2,1309,dens
DILECTVS/1,1310,2,1310,dilectus
EXPENDO,1311,2,1311,expendo
EXTRA/2,1312,2,1312,extra
HAVRIO,1313,2,1313,haurio
HORTOR,1314,2,1314,hortor
HVMILIS,1315,2,1315,humilis
IANVA,1316,2,1316,ianua
IESVS/N,1317,2,1317,Iesus
INDVCO,1318,2,1318,induco
INEO/1,1319,2,1319,ineo
INSTO,1320,2,1320,insto
INTVEOR,1321,2,1321,intueor
IVVENTVS,1322,2,1322,iuventus
LENIS/2,1323,2,1323,lenis
LOCO,1324,2,1324,loco
LVCVS,1325,2,1325,lucus
MERX,1326,2,1326,merx
NEFAS,1327,2,1327,nefas
ORATOR,1328,2,1328,orator
PINGVIS,1329,2,1329,pinguis
PRIAMVS/N,1330,2,1330,Priamus
PROFVNDVS,1331,2,1331,profundus
QVATVOR,1332,2,1332,quartus
SALTVS/2,1333,2,1333,saltus
SEMEN/1,1334,2,1334,semen
SVPERVENIO,1335,2,1335,supervenio
AESTAS,1336,2,1336,aestas
ALTERNVS,1337,2,1337,alternus
ANXIVS,1338,2,1338,anxius
CLADES,1339,2,1339,clades
COMMENDO,1340,2,1340,commendo
COMMODVS,1341,2,1341,commodus
COMPLEO,1342,2,1342,compleo
CONCVRRO,1343,2,1343,concurro
DEPREHENDO,1344,2,1344,deprehendo
DESTINO,1345,2,1345,destino
DIGNOR,1346,2,1346,dignor
DOCTRINA,1347,2,1347,doctrina
EDVCO/2,1348,2,1348,educo
ERIGO,1349,2,1349,erigo
EXCEDO/1,1350,2,1350,excedo
EXORIOR,1351,2,1351,exorior
EXPEDIO,1352,2,1352,expedio
EXPLEO,1353,2,1353,expleo
EXPONO,1354,2,1354,expono
FOLIVM,1355,2,1355,folium
INCEDO/1,1356,2,1356,incedo
INFERNVS,1357,2,1357,infernus
INVITO,1358,2,1358,invito
INVITVS,1359,2,1359,invitus
IVSTITIA,1360,2,1360,iustitia
IVVENTA,1361,2,1361,iuventa
LIBET,1362,2,1362,libet
MODICVS,1363,2,1363,modicus
OBSTO,1364,2,1364,obsto
PASSVS/1,1365,2,1365,passus
POSSIDEO,1366,2,1366,possideo
PRISCVS,1367,2,1367,priscus
PROVINCIA,1368,2,1368,provincia
PRVDENS,1369,2,1369,prudens
QVIES,1370,2,1370,quies
SALVEO,1371,2,1371,salveo
SAXONES/N,1372,2,1372,Saxon
SEX,1373,2,1373,sex
SILEO,1374,2,1374,sileo
SVBDO,1375,2,1375,subdo
TORREO,1376,2,1376,torreo
VTINAM,1377,2,1377,utinam
VALLIS,1378,2,1378,valles
VAS/2,1379,2,1379,vas
VENENVM,1380,2,1380,venenum
VITO,1381,2,1381,vito
ADDVCO,1382,2,1382,adduco
ADMITTO,1383,2,1383,admitto
ADVENTVS,1384,2,1384,adventus
AER,1385,2,1385,aer
ALMVS,1386,2,1386,almus
ARRIPIO,1387,2,1387,arripio
ATER,1388,2,1388,ater
AVERTO,1389,2,1389,averto
CAERVLVS,1390,2,1390,caeruleus
CARCER,1391,2,1391,carcer
CIRCVMEO/1,1393,2,1393,circumeo
CLAVSTRVM,1394,2,1394,claustrum
CONFIDO,1395,2,1395,confido
CONSIDERO,1396,2,1396,considero
CORRIPIO,1397,2,1397,corripio
DAEMON,1398,2,1398,daemon
DISCIPVLVS,1399,2,1399,discipulus
EGEO,1400,2,1400,egeo
EMITTO,1401,2,1401,emitto
EMO,1402,2,1402,emo
ENSIS,1403,2,1403,ensis
EXCITO/1,1404,2,1404,excito
EXPELLO,1405,2,1405,expello
FOCVS,1406,2,1406,focus
FORMOSVS,1407,2,1407,formosus
FVRTVM,1408,2,1408,furtum
GREMIVM,1409,2,1409,gremium
HISPANIA/N,1410,2,1410,Hispania
HOMERVS/N,1411,2,1411,Homerus
IMMO,1412,2,1412,immo
INCENDIVM,1413,2,1413,incendium
INCVMBO,1414,2,1414,incumbo
INGRATVS,1415,2,1415,ingratus
LAETITIA,1416,2,1416,laetitia
LIS,1417,2,1417,lis
LVCTVS,1418,2,1418,luctus
LVDVS,1419,2,1419,ludus
MAEREO,1420,2,1420,maereo
MATVRVS,1421,2,1421,maturus
MESSIS,1422,2,1422,messis
NEVE/1,1423,2,1423,neu (neve)
NITIDVS,1424,2,1424,nitidus
NVPER,1425,2,1425,nuper
OCCVPO/2,1426,2,1426,occupo
OCCVRRO,1427,2,1427,occurro
OPERIO,1428,2,1428,operio
PASSIM,1429,2,1429,passim
PENDEO,1430,2,1430,pendeo
PENITVS/2,1431,2,1431,penitus
PRAEFERO,1432,2,1432,praefero
REPENTE,1433,2,1433,repente
RESISTO,1434,2,1434,resisto
RVINA,1435,2,1435,ruina
SAMSON/N,1436,2,1436,Samson
STATVS/2,1437,2,1437,status
STVLTVS,1438,2,1438,stultus
TEMPESTAS,1439,2,1439,tempestas
TRANSFERO,1440,2,1440,transfero
VBER/2,1441,2,1441,uber
VELOX,1442,2,1442,velox
VERITAS,1443,2,1443,veritas
VESPER,1444,2,1444,vesper
VETVSTAS,1445,2,1445,vetustas
ABVNDO,1446,2,1446,abundo
ALTAR,1447,2,1447,altaria
APPONO,1448,2,1448,appono
CONTENTVS/1,1450,2,1450,contentus
CVLTVS/2,1451,2,1451,"cultus, adj."
DEVOVEO,1452,2,1452,devoveo
DIRVS,1453,2,1453,dirus
EPVLAE,1454,2,1454,epulae
FAMILIA,1455,2,1455,familia
FERIO,1456,2,1456,ferio
FIRMO,1457,2,1457,firmo
FRONS/2,1458,2,1458,"frons, -ndis"
GENA,1459,2,1459,gena
HABITVS/1,1460,2,1460,habitus
HORRIDVS,1461,2,1461,horridus
IBIDEM,1462,2,1462,ibidem
INITIVM,1463,2,1463,initium
CAROLVS/N,1464,2,1464,Karolus
LAR/N,1465,2,1465,Lar
LIGO/2,1466,2,1466,"ligo, v."
LVCEO,1467,2,1467,luceo
MEDITOR,1468,2,1468,meditor
MVNIO/2,1469,2,1469,munio
MVRMVR,1470,2,1470,murmur
OBSCVRVS,1471,2,1471,obscurus
ONERO,1472,2,1472,onero
ORA,1473,2,1473,ora
PLAVDO,1474,2,1474,plaudo
PLEBS,1475,2,1475,plebs
PONS,1476,2,1476,pons
PORTVS,1477,2,1477,portus
POSTREMVS,1478,2,1478,postremus
POTVS/2,1479,2,1479,potus
PRAESENTIA/1,1480,2,1480,praesentia
PROPINQVVS,1481,2,1481,propinquus
PROSPER,1482,2,1482,prosperus
RELIGIOSVS,1483,2,1483,religiosus
REVS,1484,2,1484,reus
RIVVS,1485,2,1485,rivus
ROBVR,1486,2,1486,robur
ROTA,1487,2,1487,rota
RVBEO,1488,2,1488,rubeo
RVPES,1489,2,1489,rupes
SOLITVDO,1490,2,1490,solitudo
SVBICIO,1491,2,1491,subicio
SVSPICIO/2,1492,2,1492,"suspicio, v."
TITVLVS,1493,2,1493,titulus
VTILITAS,1494,2,1494,utilitas
VVLGO/1,1495,2,1495,"vulgo, v."
ADHIBEO,1496,2,1496,adhibeo
ADITVS,1497,2,1497,aditus
ANGVIS,1498,2,1498,anguis
ANTEQVAM,1499,2,1499,antequam
CERVIX,1500,2,1500,cervix
CHARTA,1501,2,1501,charta
COLVMNA,1502,2,1502,columna
CRVX,1503,2,1503,crux
DECERNO,1504,2,1504,decerno
DESPICIO,1505,2,1505,despicio
DISCRIMEN,1506,2,1506,discrimen
ETSI/2,1507,2,1507,etsi
EXIGVVS,1508,2,1508,exiguus
FALLAX,1509,2,1509,fallax
FIDVS,1510,2,1510,fidus
FIRMVS,1511,2,1511,firmus
HERES,1512,2,1512,heres
IMMORTALIS,1513,2,1513,immortalis
IMPEDIO,1514,2,1514,impedio
INSVLA,1515,2,1515,insula
IVVENCVS/1,1516,2,1516,iuvencus
LETVM,1517,2,1517,letum
M/N,1518,2,1518,M.
MANES,1519,2,1519,manes
MERGO,1520,2,1520,mergo
MISEROR,1521,2,1521,miseror
NAVIGO,1522,2,1522,navigo
OSTIVM,1523,2,1523,ostium
PALLEO,1524,2,1524,palleo
PAPA,1525,2,1525,Papa
PAVLVS/N,1526,2,1526,Paulus
PENATES/N,1527,2,1527,Penates
PERSEQVOR,1528,2,1528,persequor
PLANVS/2,1529,2,1529,planus
PRIVATVS,1530,2,1530,privatus
QVAESO,1531,2,1531,quaeso
RECENS/1,1532,2,1532,recens
RVMOR,1533,2,1533,rumor
SALTEM,1534,2,1534,saltem
SERTVM,1535,2,1535,sertum
SIMVLACRVM,1536,2,1536,simulacrum
VASTVS,1537,2,1537,vastus
VETO,1538,2,1538,veto
VISO,1539,2,1539,viso
ABSOLVO,1540,2,1540,absolvo
AESTIMO,1541,2,1541,aestimo
AESTVS,1542,2,1542,aestus
AMARVS,1543,2,1543,amarus
AMBVLO,1544,2,1544,ambulo
ANTEA,1545,2,1545,antea
ARDOR,1546,2,1546,ardor
ARDVVS,1547,2,1547,arduus
BENIGNVS,1548,2,1548,benignus
BESTIA,1549,2,1549,bestia
CASTELLVM,1551,2,1551,castellum
CELLA,1553,2,1553,cella
COMPERIO,1554,2,1554,comperio
CONCIPIO,1555,2,1555,concipio
CONIVNGO,1556,2,1556,coniungo
CVBILE,1557,2,1557,cubile
DEICIO,1558,2,1558,deicio
DESPERO,1559,2,1559,despero
EFFERO/2,1560,2,1560,effero
ELOQVENTIA,1561,2,1561,eloquentia
EXIGO,1562,2,1562,exigo
FLVVIVS,1563,2,1563,fluvius
GRAMEN,1565,2,1565,gramen
GVRGES,1566,2,1566,gurges
HAEREO,1567,2,1567,haereo
HISPANVS/A,1568,2,1568,Hisparius (Hispanus?)
INDIGNVS,1569,2,1569,indignus
INDVS/A,1570,2,1570,Indus
INICIO,1571,2,1571,inicio
IOCVS,1572,2,1572,iocus
IVNO/N,1573,2,1573,Iuno
LACERO,1574,2,1574,lacero
LAEVVS,1575,2,1575,laevus
LASSVS,1576,2,1576,lassus
LEGATVS,1577,2,1577,legatus
LENTVS,1578,2,1578,lentus
LIBIDO,1579,2,1579,libido
LIBO,1580,2,1580,libo
LILIVM,1581,2,1581,lilium
LIQVIDVS,1582,2,1582,liquidus
LVCIDVS,1583,2,1583,lucidus
MARMOR,1584,2,1584,marmor
MEDICVS/1,1585,2,1585,medicus
MICO,1586,2,1586,mico
MILITARIS,1587,2,1587,militaris
MISERICORDIA,1588,2,1588,misericordia
NECTO,1589,2,1589,necto
NEX,1590,2,1590,nex
NOCTV,1591,2,1591,noctu
NOVEM,1592,2,1592,novem
NVTRIO,1593,2,1593,nutrio
ONVS,1594,2,1594,onus
ORPHEVS/N,1595,2,1595,Orpheus
PALMA,1596,2,1596,palma
PENNA,1597,2,1597,penna
POTENTIA,1598,2,1598,potentia
PRAEDICO/1,1599,2,1599,"praedico, -are"
PRETIOSVS,1600,2,1600,pretiosus
QVISNAM,1601,2,1601,quisnam
REDIMO,1602,2,1602,redimo
REFICIO,1603,2,1603,reficio
REPLEO,1604,2,1604,repleo
SEGES,1605,2,1605,seges
SERVITIVM,1606,2,1606,servitium
SEVERVS,1607,2,1607,severus
SIMPLEX,1608,2,1608,simplex
SITVS/2,1609,2,1609,situs
SONITVS,1610,2,1610,sonitus
SPONS,1611,2,1611,spons
TRANSMITTO,1612,2,1612,transmitto
VERNVS,1613,2,1613,vernus
VESTIMENTVM,1614,2,1614,vestimentum
